"","player","url","team"
"1","Jaylen Adams","/players/jaylen/adams/1629121","Atlanta Hawks"
"2","Justin Anderson","/players/justin/anderson/1626147","Atlanta Hawks"
"3","Kent Bazemore","/players/kent/bazemore/203145","Atlanta Hawks"
"4","DeAndre' Bembry","/players/deandre'/bembry/1627761","Atlanta Hawks"
"5","Vince Carter","/players/vince/carter/1713","Atlanta Hawks"
"6","John Collins","/players/john/collins/1628381","Atlanta Hawks"
"7","Dewayne Dedmon","/players/dewayne/dedmon/203473","Atlanta Hawks"
"8","Tyler Dorsey","/players/tyler/dorsey/1628416","Atlanta Hawks"
"9","Daniel Hamilton","/players/daniel/hamilton/1627772","Atlanta Hawks"
"10","Kevin Huerter","/players/kevin/huerter/1628989","Atlanta Hawks"
"11","RJ Hunter","/players/rj/hunter/1626154","Atlanta Hawks"
"12","Alex Len","/players/alex/len/203458","Atlanta Hawks"
"13","Jeremy Lin","/players/jeremy/lin/202391","Atlanta Hawks"
"14","Miles Plumlee","/players/miles/plumlee/203101","Atlanta Hawks"
"15","Alex Poythress","/players/alex/poythress/1627816","Atlanta Hawks"
"16","Taurean Prince","/players/taurean/prince/1627752","Atlanta Hawks"
"17","Thomas Robinson","/players/thomas/robinson/203080","Atlanta Hawks"
"18","Omari Spellman","/players/omari/spellman/1629016","Atlanta Hawks"
"19","Trae Young","/players/trae/young/1629027","Atlanta Hawks"
"20","Justin Anderson","/players/justin/anderson/1626147","Atlanta Hawks"
"21","RJ Hunter","/players/rj/hunter/1626154","Atlanta Hawks"
"22","Taurean Prince","/players/taurean/prince/1627752","Atlanta Hawks"
"23","DeAndre' Bembry","/players/deandre'/bembry/1627761","Atlanta Hawks"
"24","Daniel Hamilton","/players/daniel/hamilton/1627772","Atlanta Hawks"
"25","John Collins","/players/john/collins/1628381","Atlanta Hawks"
"26","Tyler Dorsey","/players/tyler/dorsey/1628416","Atlanta Hawks"
"27","Kevin Huerter","/players/kevin/huerter/1628989","Atlanta Hawks"
"28","Omari Spellman","/players/omari/spellman/1629016","Atlanta Hawks"
"29","Trae Young","/players/trae/young/1629027","Atlanta Hawks"
"30","Jaylen Adams","/players/jaylen/adams/1629121","Atlanta Hawks"
"31","Vince Carter","/players/vince/carter/1713","Atlanta Hawks"
"32","Jeremy Lin","/players/jeremy/lin/202391","Atlanta Hawks"
"33","Thomas Robinson","/players/thomas/robinson/203080","Atlanta Hawks"
"34","Miles Plumlee","/players/miles/plumlee/203101","Atlanta Hawks"
"35","Kent Bazemore","/players/kent/bazemore/203145","Atlanta Hawks"
"36","Alex Len","/players/alex/len/203458","Atlanta Hawks"
"37","Dewayne Dedmon","/players/dewayne/dedmon/203473","Atlanta Hawks"
"38","Aron Baynes","/players/aron/baynes/203382","Boston Celtics"
"39","Jabari Bird","/players/jabari/bird/1628444","Boston Celtics"
"40","Jaylen Brown","/players/jaylen/brown/1627759","Boston Celtics"
"41","PJ Dozier","/players/pj/dozier/1628408","Boston Celtics"
"42","Marcus Georges-Hunt","/players/marcus/georges-hunt/1627875","Boston Celtics"
"43","Gordon Hayward","/players/gordon/hayward/202330","Boston Celtics"
"44","Al Horford","/players/al/horford/201143","Boston Celtics"
"45","Kyrie Irving","/players/kyrie/irving/202681","Boston Celtics"
"46","Marcus Morris","/players/marcus/morris/202694","Boston Celtics"
"47","Semi Ojeleye","/players/semi/ojeleye/1628400","Boston Celtics"
"48","Terry Rozier","/players/terry/rozier/1626179","Boston Celtics"
"49","Marcus Smart","/players/marcus/smart/203935","Boston Celtics"
"50","Jayson Tatum","/players/jayson/tatum/1628369","Boston Celtics"
"51","Daniel Theis","/players/daniel/theis/1628464","Boston Celtics"
"52","Brad Wanamaker","/players/brad/wanamaker/202954","Boston Celtics"
"53","Robert Williams III","/players/robert/williams_iii/1629057","Boston Celtics"
"54","Guerschon Yabusele","/players/guerschon/yabusele/1627824","Boston Celtics"
"55","Terry Rozier","/players/terry/rozier/1626179","Boston Celtics"
"56","Jaylen Brown","/players/jaylen/brown/1627759","Boston Celtics"
"57","Guerschon Yabusele","/players/guerschon/yabusele/1627824","Boston Celtics"
"58","Marcus Georges-Hunt","/players/marcus/georges-hunt/1627875","Boston Celtics"
"59","Jayson Tatum","/players/jayson/tatum/1628369","Boston Celtics"
"60","Semi Ojeleye","/players/semi/ojeleye/1628400","Boston Celtics"
"61","PJ Dozier","/players/pj/dozier/1628408","Boston Celtics"
"62","Jabari Bird","/players/jabari/bird/1628444","Boston Celtics"
"63","Daniel Theis","/players/daniel/theis/1628464","Boston Celtics"
"64","Robert Williams III","/players/robert/williams_iii/1629057","Boston Celtics"
"65","Al Horford","/players/al/horford/201143","Boston Celtics"
"66","Gordon Hayward","/players/gordon/hayward/202330","Boston Celtics"
"67","Kyrie Irving","/players/kyrie/irving/202681","Boston Celtics"
"68","Marcus Morris","/players/marcus/morris/202694","Boston Celtics"
"69","Brad Wanamaker","/players/brad/wanamaker/202954","Boston Celtics"
"70","Aron Baynes","/players/aron/baynes/203382","Boston Celtics"
"71","Marcus Smart","/players/marcus/smart/203935","Boston Celtics"
"72","Jarrett Allen","/players/jarrett/allen/1628386","Brooklyn Nets"
"73","DeMarre Carroll","/players/demarre/carroll/201960","Brooklyn Nets"
"74","Allen Crabbe","/players/allen/crabbe/203459","Brooklyn Nets"
"75","Ed Davis","/players/ed/davis/202334","Brooklyn Nets"
"76","Spencer Dinwiddie","/players/spencer/dinwiddie/203915","Brooklyn Nets"
"77","Jared Dudley","/players/jared/dudley/201162","Brooklyn Nets"
"78","Kenneth Faried","/players/kenneth/faried/202702","Brooklyn Nets"
"79","Treveon Graham","/players/treveon/graham/1626203","Brooklyn Nets"
"80","Joe Harris","/players/joe/harris/203925","Brooklyn Nets"
"81","Rondae Hollis-Jefferson","/players/rondae/hollis-jefferson/1626178","Brooklyn Nets"
"82","Rodions Kurucs","/players/rodions/kurucs/1629066","Brooklyn Nets"
"83","Caris LeVert","/players/caris/levert/1627747","Brooklyn Nets"
"84","Jordan McLaughlin","/players/jordan/mclaughlin/1629162","Brooklyn Nets"
"85","Dzanan Musa","/players/dzanan/musa/1629058","Brooklyn Nets"
"86","Shabazz Napier","/players/shabazz/napier/203894","Brooklyn Nets"
"87","Theo Pinson","/players/theo/pinson/1629033","Brooklyn Nets"
"88","D'Angelo Russell","/players/d'angelo/russell/1626156","Brooklyn Nets"
"89","Alan Williams","/players/alan/williams/1626210","Brooklyn Nets"
"90","D'Angelo Russell","/players/d'angelo/russell/1626156","Brooklyn Nets"
"91","Rondae Hollis-Jefferson","/players/rondae/hollis-jefferson/1626178","Brooklyn Nets"
"92","Treveon Graham","/players/treveon/graham/1626203","Brooklyn Nets"
"93","Alan Williams","/players/alan/williams/1626210","Brooklyn Nets"
"94","Caris LeVert","/players/caris/levert/1627747","Brooklyn Nets"
"95","Jarrett Allen","/players/jarrett/allen/1628386","Brooklyn Nets"
"96","Theo Pinson","/players/theo/pinson/1629033","Brooklyn Nets"
"97","Dzanan Musa","/players/dzanan/musa/1629058","Brooklyn Nets"
"98","Rodions Kurucs","/players/rodions/kurucs/1629066","Brooklyn Nets"
"99","Jordan McLaughlin","/players/jordan/mclaughlin/1629162","Brooklyn Nets"
"100","Jared Dudley","/players/jared/dudley/201162","Brooklyn Nets"
"101","DeMarre Carroll","/players/demarre/carroll/201960","Brooklyn Nets"
"102","Ed Davis","/players/ed/davis/202334","Brooklyn Nets"
"103","Kenneth Faried","/players/kenneth/faried/202702","Brooklyn Nets"
"104","Allen Crabbe","/players/allen/crabbe/203459","Brooklyn Nets"
"105","Shabazz Napier","/players/shabazz/napier/203894","Brooklyn Nets"
"106","Spencer Dinwiddie","/players/spencer/dinwiddie/203915","Brooklyn Nets"
"107","Joe Harris","/players/joe/harris/203925","Brooklyn Nets"
"108","Dwayne Bacon","/players/dwayne/bacon/1628407","Charlotte Hornets"
"109","Jaylen Barford","/players/jaylen/barford/1628965","Charlotte Hornets"
"110","Nicolas Batum","/players/nicolas/batum/201587","Charlotte Hornets"
"111","Bismack Biyombo","/players/bismack/biyombo/202687","Charlotte Hornets"
"112","Miles Bridges","/players/miles/bridges/1628970","Charlotte Hornets"
"113","Joe Chealey","/players/joe/chealey/1629147","Charlotte Hornets"
"114","Devonte' Graham","/players/devonte'/graham/1628984","Charlotte Hornets"
"115","Willy Hernangomez","/players/willy/hernangomez/1626195","Charlotte Hornets"
"116","Frank Kaminsky","/players/frank/kaminsky/1626163","Charlotte Hornets"
"117","Michael Kidd-Gilchrist","/players/michael/kidd-gilchrist/203077","Charlotte Hornets"
"118","Jeremy Lamb","/players/jeremy/lamb/203087","Charlotte Hornets"
"119","J.P. Macura","/players/j.p./macura/1629122","Charlotte Hornets"
"120","Malik Monk","/players/malik/monk/1628370","Charlotte Hornets"
"121","Tony Parker","/players/tony/parker/2225","Charlotte Hornets"
"122","Zach Smith","/players/zach/smith/1629146","Charlotte Hornets"
"123","Kemba Walker","/players/kemba/walker/202689","Charlotte Hornets"
"124","Isaiah Wilkins","/players/isaiah/wilkins/1629145","Charlotte Hornets"
"125","Marvin Williams","/players/marvin/williams/101107","Charlotte Hornets"
"126","Cody Zeller","/players/cody/zeller/203469","Charlotte Hornets"
"127","Jaylen Barford","/players/jaylen/barford/1628965","Charlotte Hornets"
"128","Miles Bridges","/players/miles/bridges/1628970","Charlotte Hornets"
"129","Devonte' Graham","/players/devonte'/graham/1628984","Charlotte Hornets"
"130","J.P. Macura","/players/j.p./macura/1629122","Charlotte Hornets"
"131","Isaiah Wilkins","/players/isaiah/wilkins/1629145","Charlotte Hornets"
"132","Zach Smith","/players/zach/smith/1629146","Charlotte Hornets"
"133","Joe Chealey","/players/joe/chealey/1629147","Charlotte Hornets"
"134","Bismack Biyombo","/players/bismack/biyombo/202687","Charlotte Hornets"
"135","Rawle Alkins","/players/rawle/alkins/1628959","Chicago Bulls"
"136","Ryan Arcidiacono","/players/ryan/arcidiacono/1627853","Chicago Bulls"
"137","Omer Asik","/players/omer/asik/201600","Chicago Bulls"
"138","Antonio Blakeney","/players/antonio/blakeney/1628469","Chicago Bulls"
"139","Wendell Carter Jr.","/players/wendell/carter_jr./1628976","Chicago Bulls"
"140","Antonius Cleveland","/players/antonius/cleveland/1628499","Chicago Bulls"
"141","Kris Dunn","/players/kris/dunn/1627739","Chicago Bulls"
"142","Cristiano Felicio","/players/cristiano/felicio/1626245","Chicago Bulls"
"143","Justin Holiday","/players/justin/holiday/203200","Chicago Bulls"
"144","Chandler Hutchison","/players/chandler/hutchison/1628990","Chicago Bulls"
"145","Zach LaVine","/players/zach/lavine/203897","Chicago Bulls"
"146","Robin Lopez","/players/robin/lopez/201577","Chicago Bulls"
"147","Lauri Markkanen","/players/lauri/markkanen/1628374","Chicago Bulls"
"148","Jabari Parker","/players/jabari/parker/203953","Chicago Bulls"
"149","Cameron Payne","/players/cameron/payne/1626166","Chicago Bulls"
"150","Bobby Portis","/players/bobby/portis/1626171","Chicago Bulls"
"151","JaKarr Sampson","/players/jakarr/sampson/203960","Chicago Bulls"
"152","Denzel Valentine","/players/denzel/valentine/1627756","Chicago Bulls"
"153","Derrick Walton Jr.","/players/derrick/walton_jr./1628476","Chicago Bulls"
"154","Cameron Payne","/players/cameron/payne/1626166","Chicago Bulls"
"155","Bobby Portis","/players/bobby/portis/1626171","Chicago Bulls"
"156","Cristiano Felicio","/players/cristiano/felicio/1626245","Chicago Bulls"
"157","Kris Dunn","/players/kris/dunn/1627739","Chicago Bulls"
"158","Denzel Valentine","/players/denzel/valentine/1627756","Chicago Bulls"
"159","Ryan Arcidiacono","/players/ryan/arcidiacono/1627853","Chicago Bulls"
"160","Lauri Markkanen","/players/lauri/markkanen/1628374","Chicago Bulls"
"161","Antonio Blakeney","/players/antonio/blakeney/1628469","Chicago Bulls"
"162","Derrick Walton Jr.","/players/derrick/walton_jr./1628476","Chicago Bulls"
"163","Antonius Cleveland","/players/antonius/cleveland/1628499","Chicago Bulls"
"164","Rawle Alkins","/players/rawle/alkins/1628959","Chicago Bulls"
"165","Wendell Carter Jr.","/players/wendell/carter_jr./1628976","Chicago Bulls"
"166","Chandler Hutchison","/players/chandler/hutchison/1628990","Chicago Bulls"
"167","Robin Lopez","/players/robin/lopez/201577","Chicago Bulls"
"168","Justin Holiday","/players/justin/holiday/203200","Chicago Bulls"
"169","Zach LaVine","/players/zach/lavine/203897","Chicago Bulls"
"170","Jabari Parker","/players/jabari/parker/203953","Chicago Bulls"
"171","JaKarr Sampson","/players/jakarr/sampson/203960","Chicago Bulls"
"172","Jordan Clarkson","/players/jordan/clarkson/203903","Cleveland Cavaliers"
"173","Bonzie Colson","/players/bonzie/colson/1629045","Cleveland Cavaliers"
"174","Sam Dekker","/players/sam/dekker/1626155","Cleveland Cavaliers"
"175","Channing Frye","/players/channing/frye/101112","Cleveland Cavaliers"
"176","George Hill","/players/george/hill/201588","Cleveland Cavaliers"
"177","John Holland","/players/john/holland/204066","Cleveland Cavaliers"
"178","Rodney Hood","/players/rodney/hood/203918","Cleveland Cavaliers"
"179","Kyle Korver","/players/kyle/korver/2594","Cleveland Cavaliers"
"180","Kevin Love","/players/kevin/love/201567","Cleveland Cavaliers"
"181","Larry Nance Jr.","/players/larry/nance_jr./1626204","Cleveland Cavaliers"
"182","David Nwaba","/players/david/nwaba/1628021","Cleveland Cavaliers"
"183","Cedi Osman","/players/cedi/osman/1626224","Cleveland Cavaliers"
"184","Billy Preston","/players/billy/preston/1629009","Cleveland Cavaliers"
"185","Levi Randolph","/players/levi/randolph/1626260","Cleveland Cavaliers"
"186","Collin Sexton","/players/collin/sexton/1629012","Cleveland Cavaliers"
"187","Kobi Simmons","/players/kobi/simmons/1628424","Cleveland Cavaliers"
"188","JR Smith","/players/jr/smith/2747","Cleveland Cavaliers"
"189","Isaiah Taylor","/players/isaiah/taylor/1627819","Cleveland Cavaliers"
"190","Tristan Thompson","/players/tristan/thompson/202684","Cleveland Cavaliers"
"191","Ante Zizic","/players/ante/zizic/1627790","Cleveland Cavaliers"
"192","Channing Frye","/players/channing/frye/101112","Cleveland Cavaliers"
"193","Sam Dekker","/players/sam/dekker/1626155","Cleveland Cavaliers"
"194","Larry Nance Jr.","/players/larry/nance_jr./1626204","Cleveland Cavaliers"
"195","Cedi Osman","/players/cedi/osman/1626224","Cleveland Cavaliers"
"196","Levi Randolph","/players/levi/randolph/1626260","Cleveland Cavaliers"
"197","Ante Zizic","/players/ante/zizic/1627790","Cleveland Cavaliers"
"198","Isaiah Taylor","/players/isaiah/taylor/1627819","Cleveland Cavaliers"
"199","David Nwaba","/players/david/nwaba/1628021","Cleveland Cavaliers"
"200","Kobi Simmons","/players/kobi/simmons/1628424","Cleveland Cavaliers"
"201","Billy Preston","/players/billy/preston/1629009","Cleveland Cavaliers"
"202","Collin Sexton","/players/collin/sexton/1629012","Cleveland Cavaliers"
"203","Bonzie Colson","/players/bonzie/colson/1629045","Cleveland Cavaliers"
"204","Kevin Love","/players/kevin/love/201567","Cleveland Cavaliers"
"205","George Hill","/players/george/hill/201588","Cleveland Cavaliers"
"206","Tristan Thompson","/players/tristan/thompson/202684","Cleveland Cavaliers"
"207","Jordan Clarkson","/players/jordan/clarkson/203903","Cleveland Cavaliers"
"208","Rodney Hood","/players/rodney/hood/203918","Cleveland Cavaliers"
"209","John Holland","/players/john/holland/204066","Cleveland Cavaliers"
"210","Kyle Korver","/players/kyle/korver/2594","Cleveland Cavaliers"
"211","JR Smith","/players/jr/smith/2747","Cleveland Cavaliers"
"212","Kostas Antetokounmpo","/players/kostas/antetokounmpo/1628961","Dallas Mavericks"
"213","J.J. Barea","/players/j.j./barea/200826","Dallas Mavericks"
"214","Harrison Barnes","/players/harrison/barnes/203084","Dallas Mavericks"
"215","Ryan Broekhoff","/players/ryan/broekhoff/1629151","Dallas Mavericks"
"216","Jalen Brunson","/players/jalen/brunson/1628973","Dallas Mavericks"
"217","Yanyuhang Ding","/players/yanyuhang/ding/1629142","Dallas Mavericks"
"218","Luka Doncic","/players/luka/doncic/1629029","Dallas Mavericks"
"219","Dorian Finney-Smith","/players/dorian/finney-smith/1627827","Dallas Mavericks"
"220","Devin Harris","/players/devin/harris/2734","Dallas Mavericks"
"221","Jalen Jones","/players/jalen/jones/1627883","Dallas Mavericks"
"222","DeAndre Jordan","/players/deandre/jordan/201599","Dallas Mavericks"
"223","Maxi Kleber","/players/maxi/kleber/1628467","Dallas Mavericks"
"224","Daryl Macon","/players/daryl/macon/1629133","Dallas Mavericks"
"225","Wesley Matthews","/players/wesley/matthews/202083","Dallas Mavericks"
"226","Salah Mejri","/players/salah/mejri/1626257","Dallas Mavericks"
"227","Codi Miller-McIntyre","/players/codi/miller-mcintyre/1629149","Dallas Mavericks"
"228","Dirk Nowitzki","/players/dirk/nowitzki/1717","Dallas Mavericks"
"229","Dwight Powell","/players/dwight/powell/203939","Dallas Mavericks"
"230","Dennis Smith Jr.","/players/dennis/smith_jr./1628372","Dallas Mavericks"
"231","Ray Spalding","/players/ray/spalding/1629034","Dallas Mavericks"
"232","Salah Mejri","/players/salah/mejri/1626257","Dallas Mavericks"
"233","Dorian Finney-Smith","/players/dorian/finney-smith/1627827","Dallas Mavericks"
"234","Dennis Smith Jr.","/players/dennis/smith_jr./1628372","Dallas Mavericks"
"235","Maxi Kleber","/players/maxi/kleber/1628467","Dallas Mavericks"
"236","Kostas Antetokounmpo","/players/kostas/antetokounmpo/1628961","Dallas Mavericks"
"237","Jalen Brunson","/players/jalen/brunson/1628973","Dallas Mavericks"
"238","Luka Doncic","/players/luka/doncic/1629029","Dallas Mavericks"
"239","Ray Spalding","/players/ray/spalding/1629034","Dallas Mavericks"
"240","Daryl Macon","/players/daryl/macon/1629133","Dallas Mavericks"
"241","Yanyuhang Ding","/players/yanyuhang/ding/1629142","Dallas Mavericks"
"242","Codi Miller-McIntyre","/players/codi/miller-mcintyre/1629149","Dallas Mavericks"
"243","Ryan Broekhoff","/players/ryan/broekhoff/1629151","Dallas Mavericks"
"244","Dirk Nowitzki","/players/dirk/nowitzki/1717","Dallas Mavericks"
"245","J.J. Barea","/players/j.j./barea/200826","Dallas Mavericks"
"246","DeAndre Jordan","/players/deandre/jordan/201599","Dallas Mavericks"
"247","Wesley Matthews","/players/wesley/matthews/202083","Dallas Mavericks"
"248","Harrison Barnes","/players/harrison/barnes/203084","Dallas Mavericks"
"249","Dwight Powell","/players/dwight/powell/203939","Dallas Mavericks"
"250","Devin Harris","/players/devin/harris/2734","Dallas Mavericks"
"251","DeVaughn Akoon-Purcell","/players/devaughn/akoon-purcell/1629152","Denver Nuggets"
"252","Will Barton","/players/will/barton/203115","Denver Nuggets"
"253","Malik Beasley","/players/malik/beasley/1627736","Denver Nuggets"
"254","Torrey Craig","/players/torrey/craig/1628470","Denver Nuggets"
"255","Gary Harris","/players/gary/harris/203914","Denver Nuggets"
"256","Juancho Hernangomez","/players/juancho/hernangomez/1627823","Denver Nuggets"
"257","Nikola Jokic","/players/nikola/jokic/203999","Denver Nuggets"
"258","Tyler Lydon","/players/tyler/lydon/1628399","Denver Nuggets"
"259","Trey Lyles","/players/trey/lyles/1626168","Denver Nuggets"
"260","Paul Millsap","/players/paul/millsap/200794","Denver Nuggets"
"261","Monte Morris","/players/monte/morris/1628420","Denver Nuggets"
"262","Jamal Murray","/players/jamal/murray/1627750","Denver Nuggets"
"263","Mason Plumlee","/players/mason/plumlee/203486","Denver Nuggets"
"264","Michael Porter Jr.","/players/michael/porter_jr./1629008","Denver Nuggets"
"265","Xavier Silas","/players/xavier/silas/202918","Denver Nuggets"
"266","Donald Sloan","/players/donald/sloan/202388","Denver Nuggets"
"267","Emanuel Terry","/players/emanuel/terry/1629150","Denver Nuggets"
"268","Isaiah Thomas","/players/isaiah/thomas/202738","Denver Nuggets"
"269","Jarred Vanderbilt","/players/jarred/vanderbilt/1629020","Denver Nuggets"
"270","Thomas Welsh","/players/thomas/welsh/1629118","Denver Nuggets"
"271","Trey Lyles","/players/trey/lyles/1626168","Denver Nuggets"
"272","Malik Beasley","/players/malik/beasley/1627736","Denver Nuggets"
"273","Jamal Murray","/players/jamal/murray/1627750","Denver Nuggets"
"274","Juancho Hernangomez","/players/juancho/hernangomez/1627823","Denver Nuggets"
"275","Tyler Lydon","/players/tyler/lydon/1628399","Denver Nuggets"
"276","Monte Morris","/players/monte/morris/1628420","Denver Nuggets"
"277","Torrey Craig","/players/torrey/craig/1628470","Denver Nuggets"
"278","Michael Porter Jr.","/players/michael/porter_jr./1629008","Denver Nuggets"
"279","Jarred Vanderbilt","/players/jarred/vanderbilt/1629020","Denver Nuggets"
"280","Thomas Welsh","/players/thomas/welsh/1629118","Denver Nuggets"
"281","Emanuel Terry","/players/emanuel/terry/1629150","Denver Nuggets"
"282","DeVaughn Akoon-Purcell","/players/devaughn/akoon-purcell/1629152","Denver Nuggets"
"283","Paul Millsap","/players/paul/millsap/200794","Denver Nuggets"
"284","Donald Sloan","/players/donald/sloan/202388","Denver Nuggets"
"285","Isaiah Thomas","/players/isaiah/thomas/202738","Denver Nuggets"
"286","Xavier Silas","/players/xavier/silas/202918","Denver Nuggets"
"287","Will Barton","/players/will/barton/203115","Denver Nuggets"
"288","Mason Plumlee","/players/mason/plumlee/203486","Denver Nuggets"
"289","Gary Harris","/players/gary/harris/203914","Denver Nuggets"
"290","Nikola Jokic","/players/nikola/jokic/203999","Denver Nuggets"
"291","Bruce Brown","/players/bruce/brown/1628971","Detroit Pistons"
"292","Reggie Bullock","/players/reggie/bullock/203493","Detroit Pistons"
"293","Jose Calderon","/players/jose/calderon/101181","Detroit Pistons"
"294","Andre Drummond","/players/andre/drummond/203083","Detroit Pistons"
"295","Henry Ellenson","/players/henry/ellenson/1627740","Detroit Pistons"
"296","Keenan Evans","/players/keenan/evans/1629037","Detroit Pistons"
"297","Langston Galloway","/players/langston/galloway/204038","Detroit Pistons"
"298","Blake Griffin","/players/blake/griffin/201933","Detroit Pistons"
"299","Johnny Hamilton","/players/johnny/hamilton/1629148","Detroit Pistons"
"300","Reggie Hearn","/players/reggie/hearn/203687","Detroit Pistons"
"301","Reggie Jackson","/players/reggie/jackson/202704","Detroit Pistons"
"302","Stanley Johnson","/players/stanley/johnson/1626169","Detroit Pistons"
"303","Luke Kennard","/players/luke/kennard/1628379","Detroit Pistons"
"304","Jon Leuer","/players/jon/leuer/202720","Detroit Pistons"
"305","Zach Lofton","/players/zach/lofton/1629155","Detroit Pistons"
"306","Chris McCullough","/players/chris/mccullough/1626191","Detroit Pistons"
"307","Zaza Pachulia","/players/zaza/pachulia/2585","Detroit Pistons"
"308","Glenn Robinson III","/players/glenn/robinson_iii/203922","Detroit Pistons"
"309","Ish Smith","/players/ish/smith/202397","Detroit Pistons"
"310","Khyri Thomas","/players/khyri/thomas/1629017","Detroit Pistons"
"311","Jose Calderon","/players/jose/calderon/101181","Detroit Pistons"
"312","Stanley Johnson","/players/stanley/johnson/1626169","Detroit Pistons"
"313","Chris McCullough","/players/chris/mccullough/1626191","Detroit Pistons"
"314","Henry Ellenson","/players/henry/ellenson/1627740","Detroit Pistons"
"315","Luke Kennard","/players/luke/kennard/1628379","Detroit Pistons"
"316","Bruce Brown","/players/bruce/brown/1628971","Detroit Pistons"
"317","Khyri Thomas","/players/khyri/thomas/1629017","Detroit Pistons"
"318","Keenan Evans","/players/keenan/evans/1629037","Detroit Pistons"
"319","Johnny Hamilton","/players/johnny/hamilton/1629148","Detroit Pistons"
"320","Zach Lofton","/players/zach/lofton/1629155","Detroit Pistons"
"321","Blake Griffin","/players/blake/griffin/201933","Detroit Pistons"
"322","Ish Smith","/players/ish/smith/202397","Detroit Pistons"
"323","Reggie Jackson","/players/reggie/jackson/202704","Detroit Pistons"
"324","Jon Leuer","/players/jon/leuer/202720","Detroit Pistons"
"325","Andre Drummond","/players/andre/drummond/203083","Detroit Pistons"
"326","Reggie Bullock","/players/reggie/bullock/203493","Detroit Pistons"
"327","Reggie Hearn","/players/reggie/hearn/203687","Detroit Pistons"
"328","Langston Galloway","/players/langston/galloway/204038","Detroit Pistons"
"329","Zaza Pachulia","/players/zaza/pachulia/2585","Detroit Pistons"
"330","Jordan Bell","/players/jordan/bell/1628395","Golden State Warriors"
"331","Quinn Cook","/players/quinn/cook/1626188","Golden State Warriors"
"332","DeMarcus Cousins","/players/demarcus/cousins/202326","Golden State Warriors"
"333","Stephen Curry","/players/stephen/curry/201939","Golden State Warriors"
"334","Marcus Derrickson","/players/marcus/derrickson/1629094","Golden State Warriors"
"335","Kevin Durant","/players/kevin/durant/201142","Golden State Warriors"
"336","Jacob Evans","/players/jacob/evans/1628980","Golden State Warriors"
"337","Draymond Green","/players/draymond/green/203110","Golden State Warriors"
"338","Danuel House","/players/danuel/house/1627863","Golden State Warriors"
"339","Andre Iguodala","/players/andre/iguodala/2738","Golden State Warriors"
"340","Jonas Jerebko","/players/jonas/jerebko/201973","Golden State Warriors"
"341","Damian Jones","/players/damian/jones/1627745","Golden State Warriors"
"342","Damion Lee","/players/damion/lee/1627814","Golden State Warriors"
"343","Shaun Livingston","/players/shaun/livingston/2733","Golden State Warriors"
"344","Kevon Looney","/players/kevon/looney/1626172","Golden State Warriors"
"345","Patrick McCaw","/players/patrick/mccaw/1627775","Golden State Warriors"
"346","Alfonzo McKinnie","/players/alfonzo/mckinnie/1628035","Golden State Warriors"
"347","Kendrick Nunn","/players/kendrick/nunn/1629134","Golden State Warriors"
"348","Klay Thompson","/players/klay/thompson/202691","Golden State Warriors"
"349","Tyler Ulis","/players/tyler/ulis/1627755","Golden State Warriors"
"350","Nick Young","/players/nick/young/201156","Golden State Warriors"
"351","Kevon Looney","/players/kevon/looney/1626172","Golden State Warriors"
"352","Quinn Cook","/players/quinn/cook/1626188","Golden State Warriors"
"353","Damian Jones","/players/damian/jones/1627745","Golden State Warriors"
"354","Tyler Ulis","/players/tyler/ulis/1627755","Golden State Warriors"
"355","Damion Lee","/players/damion/lee/1627814","Golden State Warriors"
"356","Danuel House","/players/danuel/house/1627863","Golden State Warriors"
"357","Alfonzo McKinnie","/players/alfonzo/mckinnie/1628035","Golden State Warriors"
"358","Jordan Bell","/players/jordan/bell/1628395","Golden State Warriors"
"359","Jacob Evans","/players/jacob/evans/1628980","Golden State Warriors"
"360","Marcus Derrickson","/players/marcus/derrickson/1629094","Golden State Warriors"
"361","Kendrick Nunn","/players/kendrick/nunn/1629134","Golden State Warriors"
"362","Kevin Durant","/players/kevin/durant/201142","Golden State Warriors"
"363","Stephen Curry","/players/stephen/curry/201939","Golden State Warriors"
"364","Jonas Jerebko","/players/jonas/jerebko/201973","Golden State Warriors"
"365","Klay Thompson","/players/klay/thompson/202691","Golden State Warriors"
"366","Draymond Green","/players/draymond/green/203110","Golden State Warriors"
"367","Shaun Livingston","/players/shaun/livingston/2733","Golden State Warriors"
"368","Andre Iguodala","/players/andre/iguodala/2738","Golden State Warriors"
"369","Carmelo Anthony","/players/carmelo/anthony/2546","Houston Rockets"
"370","Bruno Caboclo","/players/bruno/caboclo/203998","Houston Rockets"
"371","Clint Capela","/players/clint/capela/203991","Houston Rockets"
"372","Michael Carter-Williams","/players/michael/carter-williams/203487","Houston Rockets"
"373","Marquese Chriss","/players/marquese/chriss/1627737","Houston Rockets"
"374","Gary Clark","/players/gary/clark/1629109","Houston Rockets"
"375","Vincent Edwards","/players/vincent/edwards/1629053","Houston Rockets"
"376","James Ennis III","/players/james/ennis_iii/203516","Houston Rockets"
"377","Eric Gordon","/players/eric/gordon/201569","Houston Rockets"
"378","Rob Gray","/players/rob/gray/1629154","Houston Rockets"
"379","Gerald Green","/players/gerald/green/101123","Houston Rockets"
"380","James Harden","/players/james/harden/201935","Houston Rockets"
"381","Isaiah Hartenstein","/players/isaiah/hartenstein/1628392","Houston Rockets"
"382","Brandon Knight","/players/brandon/knight/202688","Houston Rockets"
"383","Nene ","/players/nene/2403","Houston Rockets"
"384","Chris Paul","/players/chris/paul/101108","Houston Rockets"
"385","Zhou Qi","/players/zhou/qi/1627753","Houston Rockets"
"386","PJ Tucker","/players/pj/tucker/200782","Houston Rockets"
"387","Chris Paul","/players/chris/paul/101108","Houston Rockets"
"388","Gerald Green","/players/gerald/green/101123","Houston Rockets"
"389","Marquese Chriss","/players/marquese/chriss/1627737","Houston Rockets"
"390","Zhou Qi","/players/zhou/qi/1627753","Houston Rockets"
"391","Isaiah Hartenstein","/players/isaiah/hartenstein/1628392","Houston Rockets"
"392","Vincent Edwards","/players/vincent/edwards/1629053","Houston Rockets"
"393","Gary Clark","/players/gary/clark/1629109","Houston Rockets"
"394","Rob Gray","/players/rob/gray/1629154","Houston Rockets"
"395","PJ Tucker","/players/pj/tucker/200782","Houston Rockets"
"396","Eric Gordon","/players/eric/gordon/201569","Houston Rockets"
"397","James Harden","/players/james/harden/201935","Houston Rockets"
"398","Brandon Knight","/players/brandon/knight/202688","Houston Rockets"
"399","Michael Carter-Williams","/players/michael/carter-williams/203487","Houston Rockets"
"400","James Ennis III","/players/james/ennis_iii/203516","Houston Rockets"
"401","Clint Capela","/players/clint/capela/203991","Houston Rockets"
"402","Bruno Caboclo","/players/bruno/caboclo/203998","Houston Rockets"
"403","  Nene","/players/_/nene/2403","Houston Rockets"
"404","Carmelo Anthony","/players/carmelo/anthony/2546","Houston Rockets"
"405","Ike Anigbogu","/players/ike/anigbogu/1628387","Indiana Pacers"
"406","Bojan Bogdanovic","/players/bojan/bogdanovic/202711","Indiana Pacers"
"407","Darren Collison","/players/darren/collison/201954","Indiana Pacers"
"408","Tyreke Evans","/players/tyreke/evans/201936","Indiana Pacers"
"409","Aaron Holiday","/players/aaron/holiday/1628988","Indiana Pacers"
"410","Alize Johnson","/players/alize/johnson/1628993","Indiana Pacers"
"411","Omari Johnson","/players/omari/johnson/204179","Indiana Pacers"
"412","Cory Joseph","/players/cory/joseph/202709","Indiana Pacers"
"413","TJ Leaf","/players/tj/leaf/1628388","Indiana Pacers"
"414","Doug McDermott","/players/doug/mcdermott/203926","Indiana Pacers"
"415","Ben Moore","/players/ben/moore/1628500","Indiana Pacers"
"416","Kyle O'Quinn","/players/kyle/o'quinn/203124","Indiana Pacers"
"417","Victor Oladipo","/players/victor/oladipo/203506","Indiana Pacers"
"418","Domantas Sabonis","/players/domantas/sabonis/1627734","Indiana Pacers"
"419","Elijah Stewart","/players/elijah/stewart/1629136","Indiana Pacers"
"420","Edmond Sumner","/players/edmond/sumner/1628410","Indiana Pacers"
"421","Myles Turner","/players/myles/turner/1626167","Indiana Pacers"
"422","CJ Wilcox","/players/cj/wilcox/203912","Indiana Pacers"
"423","Thaddeus Young","/players/thaddeus/young/201152","Indiana Pacers"
"424","Ben Moore","/players/ben/moore/1628500","Indiana Pacers"
"425","Aaron Holiday","/players/aaron/holiday/1628988","Indiana Pacers"
"426","Alize Johnson","/players/alize/johnson/1628993","Indiana Pacers"
"427","Elijah Stewart","/players/elijah/stewart/1629136","Indiana Pacers"
"428","Tyreke Evans","/players/tyreke/evans/201936","Indiana Pacers"
"429","Kyle O'Quinn","/players/kyle/o'quinn/203124","Indiana Pacers"
"430","CJ Wilcox","/players/cj/wilcox/203912","Indiana Pacers"
"431","Doug McDermott","/players/doug/mcdermott/203926","Indiana Pacers"
"432","Omari Johnson","/players/omari/johnson/204179","Indiana Pacers"
"433","Patrick Beverley","/players/patrick/beverley/201976","LA Clippers"
"434","Avery Bradley","/players/avery/bradley/202340","LA Clippers"
"435","Angel Delgado","/players/angel/delgado/1629116","LA Clippers"
"436","Jawun Evans","/players/jawun/evans/1628393","LA Clippers"
"437","Danilo Gallinari","/players/danilo/gallinari/201568","LA Clippers"
"438","Shai Gilgeous-Alexander","/players/shai/gilgeous-alexander/1628983","LA Clippers"
"439","Marcin Gortat","/players/marcin/gortat/101162","LA Clippers"
"440","Montrezl Harrell","/players/montrezl/harrell/1626149","LA Clippers"
"441","Tobias Harris","/players/tobias/harris/202699","LA Clippers"
"442","Wesley Johnson","/players/wesley/johnson/202325","LA Clippers"
"443","Boban Marjanovic","/players/boban/marjanovic/1626246","LA Clippers"
"444","Luc Mbah a Moute","/players/luc/mbah_a_moute/201601","LA Clippers"
"445","Johnathan Motley","/players/johnathan/motley/1628405","LA Clippers"
"446","Jerome Robinson","/players/jerome/robinson/1629010","LA Clippers"
"447","Mike Scott","/players/mike/scott/203118","LA Clippers"
"448","Milos Teodosic","/players/milos/teodosic/1628462","LA Clippers"
"449","Sindarius Thornwell","/players/sindarius/thornwell/1628414","LA Clippers"
"450","Tyrone Wallace","/players/tyrone/wallace/1627820","LA Clippers"
"451","Lou Williams","/players/lou/williams/101150","LA Clippers"
"452","Lou Williams","/players/lou/williams/101150","LA Clippers"
"453","Marcin Gortat","/players/marcin/gortat/101162","LA Clippers"
"454","Montrezl Harrell","/players/montrezl/harrell/1626149","LA Clippers"
"455","Boban Marjanovic","/players/boban/marjanovic/1626246","LA Clippers"
"456","Tyrone Wallace","/players/tyrone/wallace/1627820","LA Clippers"
"457","Jawun Evans","/players/jawun/evans/1628393","LA Clippers"
"458","Johnathan Motley","/players/johnathan/motley/1628405","LA Clippers"
"459","Sindarius Thornwell","/players/sindarius/thornwell/1628414","LA Clippers"
"460","Milos Teodosic","/players/milos/teodosic/1628462","LA Clippers"
"461","Shai Gilgeous-Alexander","/players/shai/gilgeous-alexander/1628983","LA Clippers"
"462","Jerome Robinson","/players/jerome/robinson/1629010","LA Clippers"
"463","Angel Delgado","/players/angel/delgado/1629116","LA Clippers"
"464","Danilo Gallinari","/players/danilo/gallinari/201568","LA Clippers"
"465","Luc Mbah a Moute","/players/luc/mbah_a_moute/201601","LA Clippers"
"466","Patrick Beverley","/players/patrick/beverley/201976","LA Clippers"
"467","Wesley Johnson","/players/wesley/johnson/202325","LA Clippers"
"468","Avery Bradley","/players/avery/bradley/202340","LA Clippers"
"469","Tobias Harris","/players/tobias/harris/202699","LA Clippers"
"470","Mike Scott","/players/mike/scott/203118","LA Clippers"
"471","Lonzo Ball","/players/lonzo/ball/1628366","Los Angeles Lakers"
"472","Michael Beasley","/players/michael/beasley/201563","Los Angeles Lakers"
"473","Joel Berry II","/players/joel/berry_ii/1629137","Los Angeles Lakers"
"474","Isaac Bonga","/players/isaac/bonga/1629067","Los Angeles Lakers"
"475","Kentavious Caldwell-Pope","/players/kentavious/caldwell-pope/203484","Los Angeles Lakers"
"476","Jeffrey Carroll","/players/jeffrey/carroll/1629050","Los Angeles Lakers"
"477","Alex Caruso","/players/alex/caruso/1627936","Los Angeles Lakers"
"478","Josh Hart","/players/josh/hart/1628404","Los Angeles Lakers"
"479","Brandon Ingram","/players/brandon/ingram/1627742","Los Angeles Lakers"
"480","LeBron James","/players/lebron/james/2544","Los Angeles Lakers"
"481","Kyle Kuzma","/players/kyle/kuzma/1628398","Los Angeles Lakers"
"482","JaVale McGee","/players/javale/mcgee/201580","Los Angeles Lakers"
"483","Svi Mykhailiuk","/players/svi/mykhailiuk/1629004","Los Angeles Lakers"
"484","Rajon Rondo","/players/rajon/rondo/200765","Los Angeles Lakers"
"485","Lance Stephenson","/players/lance/stephenson/202362","Los Angeles Lakers"
"486","Moritz Wagner","/players/moritz/wagner/1629021","Los Angeles Lakers"
"487","Travis Wear","/players/travis/wear/204037","Los Angeles Lakers"
"488","Johnathan Williams","/players/johnathan/williams/1629140","Los Angeles Lakers"
"489","Ivica Zubac","/players/ivica/zubac/1627826","Los Angeles Lakers"
"490","Brandon Ingram","/players/brandon/ingram/1627742","Los Angeles Lakers"
"491","Ivica Zubac","/players/ivica/zubac/1627826","Los Angeles Lakers"
"492","Alex Caruso","/players/alex/caruso/1627936","Los Angeles Lakers"
"493","Lonzo Ball","/players/lonzo/ball/1628366","Los Angeles Lakers"
"494","Kyle Kuzma","/players/kyle/kuzma/1628398","Los Angeles Lakers"
"495","Josh Hart","/players/josh/hart/1628404","Los Angeles Lakers"
"496","Svi Mykhailiuk","/players/svi/mykhailiuk/1629004","Los Angeles Lakers"
"497","Moritz Wagner","/players/moritz/wagner/1629021","Los Angeles Lakers"
"498","Jeffrey Carroll","/players/jeffrey/carroll/1629050","Los Angeles Lakers"
"499","Isaac Bonga","/players/isaac/bonga/1629067","Los Angeles Lakers"
"500","Joel Berry II","/players/joel/berry_ii/1629137","Los Angeles Lakers"
"501","Johnathan Williams","/players/johnathan/williams/1629140","Los Angeles Lakers"
"502","Michael Beasley","/players/michael/beasley/201563","Los Angeles Lakers"
"503","JaVale McGee","/players/javale/mcgee/201580","Los Angeles Lakers"
"504","Kentavious Caldwell-Pope","/players/kentavious/caldwell-pope/203484","Los Angeles Lakers"
"505","Travis Wear","/players/travis/wear/204037","Los Angeles Lakers"
"506","LeBron James","/players/lebron/james/2544","Los Angeles Lakers"
"507","Kyle Anderson","/players/kyle/anderson/203937","Memphis Grizzlies"
"508","Dillon Brooks","/players/dillon/brooks/1628415","Memphis Grizzlies"
"509","MarShon Brooks","/players/marshon/brooks/202705","Memphis Grizzlies"
"510","Jevon Carter","/players/jevon/carter/1628975","Memphis Grizzlies"
"511","Omri Casspi","/players/omri/casspi/201956","Memphis Grizzlies"
"512","Mario Chalmers","/players/mario/chalmers/201596","Memphis Grizzlies"
"513","Mike Conley","/players/mike/conley/201144","Memphis Grizzlies"
"514","Markel Crawford","/players/markel/crawford/1629156","Memphis Grizzlies"
"515","Marc Gasol","/players/marc/gasol/201188","Memphis Grizzlies"
"516","JaMychal Green","/players/jamychal/green/203210","Memphis Grizzlies"
"517","Andrew Harrison","/players/andrew/harrison/1626150","Memphis Grizzlies"
"518","Jaren Jackson Jr.","/players/jaren/jackson_jr./1628991","Memphis Grizzlies"
"519","Ismaila Kane","/players/ismaila/kane/1629226","Memphis Grizzlies"
"520","Shelvin Mack","/players/shelvin/mack/202714","Memphis Grizzlies"
"521","Doral Moore","/players/doral/moore/1629078","Memphis Grizzlies"
"522","Chandler Parsons","/players/chandler/parsons/202718","Memphis Grizzlies"
"523","Ivan Rabb","/players/ivan/rabb/1628397","Memphis Grizzlies"
"524","Wayne Selden","/players/wayne/selden/1627782","Memphis Grizzlies"
"525","Marquis Teague","/players/marquis/teague/203104","Memphis Grizzlies"
"526","Garrett Temple","/players/garrett/temple/202066","Memphis Grizzlies"
"527","Yuta Watanabe","/players/yuta/watanabe/1629139","Memphis Grizzlies"
"528","Andrew Harrison","/players/andrew/harrison/1626150","Memphis Grizzlies"
"529","Wayne Selden","/players/wayne/selden/1627782","Memphis Grizzlies"
"530","Ivan Rabb","/players/ivan/rabb/1628397","Memphis Grizzlies"
"531","Dillon Brooks","/players/dillon/brooks/1628415","Memphis Grizzlies"
"532","Jevon Carter","/players/jevon/carter/1628975","Memphis Grizzlies"
"533","Jaren Jackson Jr.","/players/jaren/jackson_jr./1628991","Memphis Grizzlies"
"534","Doral Moore","/players/doral/moore/1629078","Memphis Grizzlies"
"535","Yuta Watanabe","/players/yuta/watanabe/1629139","Memphis Grizzlies"
"536","Markel Crawford","/players/markel/crawford/1629156","Memphis Grizzlies"
"537","Ismaila Kane","/players/ismaila/kane/1629226","Memphis Grizzlies"
"538","Mike Conley","/players/mike/conley/201144","Memphis Grizzlies"
"539","Marc Gasol","/players/marc/gasol/201188","Memphis Grizzlies"
"540","Omri Casspi","/players/omri/casspi/201956","Memphis Grizzlies"
"541","Garrett Temple","/players/garrett/temple/202066","Memphis Grizzlies"
"542","MarShon Brooks","/players/marshon/brooks/202705","Memphis Grizzlies"
"543","Shelvin Mack","/players/shelvin/mack/202714","Memphis Grizzlies"
"544","Chandler Parsons","/players/chandler/parsons/202718","Memphis Grizzlies"
"545","JaMychal Green","/players/jamychal/green/203210","Memphis Grizzlies"
"546","Kyle Anderson","/players/kyle/anderson/203937","Memphis Grizzlies"
"547","Bam Adebayo","/players/bam/adebayo/1628389","Miami Heat"
"548","Charles Cooke","/players/charles/cooke/1628429","Miami Heat"
"549","Goran Dragic","/players/goran/dragic/201609","Miami Heat"
"550","Wayne Ellington","/players/wayne/ellington/201961","Miami Heat"
"551","Udonis Haslem","/players/udonis/haslem/2617","Miami Heat"
"552","James Johnson","/players/james/johnson/201949","Miami Heat"
"553","Tyler Johnson","/players/tyler/johnson/204020","Miami Heat"
"554","Derrick Jones Jr.","/players/derrick/jones_jr./1627884","Miami Heat"
"555","DeAndre Liggins","/players/deandre/liggins/202732","Miami Heat"
"556","Yante Maten","/players/yante/maten/1628999","Miami Heat"
"557","Rodney McGruder","/players/rodney/mcgruder/203585","Miami Heat"
"558","Kelly Olynyk","/players/kelly/olynyk/203482","Miami Heat"
"559","Josh Richardson","/players/josh/richardson/1626196","Miami Heat"
"560","Duncan Robinson","/players/duncan/robinson/1629130","Miami Heat"
"561","Jarnell Stokes","/players/jarnell/stokes/203950","Miami Heat"
"562","Dwyane Wade","/players/dwyane/wade/2548","Miami Heat"
"563","Dion Waiters","/players/dion/waiters/203079","Miami Heat"
"564","Briante Weber","/players/briante/weber/1627362","Miami Heat"
"565","Hassan Whiteside","/players/hassan/whiteside/202355","Miami Heat"
"566","Justise Winslow","/players/justise/winslow/1626159","Miami Heat"
"567","Justise Winslow","/players/justise/winslow/1626159","Miami Heat"
"568","Josh Richardson","/players/josh/richardson/1626196","Miami Heat"
"569","Briante Weber","/players/briante/weber/1627362","Miami Heat"
"570","Derrick Jones Jr.","/players/derrick/jones_jr./1627884","Miami Heat"
"571","Bam Adebayo","/players/bam/adebayo/1628389","Miami Heat"
"572","Yante Maten","/players/yante/maten/1628999","Miami Heat"
"573","Duncan Robinson","/players/duncan/robinson/1629130","Miami Heat"
"574","Goran Dragic","/players/goran/dragic/201609","Miami Heat"
"575","James Johnson","/players/james/johnson/201949","Miami Heat"
"576","Wayne Ellington","/players/wayne/ellington/201961","Miami Heat"
"577","Hassan Whiteside","/players/hassan/whiteside/202355","Miami Heat"
"578","Dion Waiters","/players/dion/waiters/203079","Miami Heat"
"579","Kelly Olynyk","/players/kelly/olynyk/203482","Miami Heat"
"580","Rodney McGruder","/players/rodney/mcgruder/203585","Miami Heat"
"581","Jarnell Stokes","/players/jarnell/stokes/203950","Miami Heat"
"582","Tyler Johnson","/players/tyler/johnson/204020","Miami Heat"
"583","Dwyane Wade","/players/dwyane/wade/2548","Miami Heat"
"584","Udonis Haslem","/players/udonis/haslem/2617","Miami Heat"
"585","Giannis Antetokounmpo","/players/giannis/antetokounmpo/203507","Milwaukee Bucks"
"586","Eric Bledsoe","/players/eric/bledsoe/202339","Milwaukee Bucks"
"587","Malcolm Brogdon","/players/malcolm/brogdon/1627763","Milwaukee Bucks"
"588","Sterling Brown","/players/sterling/brown/1628425","Milwaukee Bucks"
"589","Pat Connaughton","/players/pat/connaughton/1626192","Milwaukee Bucks"
"590","Matthew Dellavedova","/players/matthew/dellavedova/203521","Milwaukee Bucks"
"591","Donte DiVincenzo","/players/donte/divincenzo/1628978","Milwaukee Bucks"
"592","Trevon Duval","/players/trevon/duval/1628979","Milwaukee Bucks"
"593","Tim Frazier","/players/tim/frazier/204025","Milwaukee Bucks"
"594","John Henson","/players/john/henson/203089","Milwaukee Bucks"
"595","Ersan Ilyasova","/players/ersan/ilyasova/101141","Milwaukee Bucks"
"596","Brook Lopez","/players/brook/lopez/201572","Milwaukee Bucks"
"597","Thon Maker","/players/thon/maker/1627748","Milwaukee Bucks"
"598","Khris Middleton","/players/khris/middleton/203114","Milwaukee Bucks"
"599","Jaylen Morris","/players/jaylen/morris/1628537","Milwaukee Bucks"
"600","Shabazz Muhammad","/players/shabazz/muhammad/203498","Milwaukee Bucks"
"601","Tony Snell","/players/tony/snell/203503","Milwaukee Bucks"
"602","D.J. Wilson","/players/d.j./wilson/1628391","Milwaukee Bucks"
"603","Christian Wood","/players/christian/wood/1626174","Milwaukee Bucks"
"604","Tyler Zeller","/players/tyler/zeller/203092","Milwaukee Bucks"
"605","Ersan Ilyasova","/players/ersan/ilyasova/101141","Milwaukee Bucks"
"606","Christian Wood","/players/christian/wood/1626174","Milwaukee Bucks"
"607","Pat Connaughton","/players/pat/connaughton/1626192","Milwaukee Bucks"
"608","Thon Maker","/players/thon/maker/1627748","Milwaukee Bucks"
"609","Malcolm Brogdon","/players/malcolm/brogdon/1627763","Milwaukee Bucks"
"610","D.J. Wilson","/players/d.j./wilson/1628391","Milwaukee Bucks"
"611","Sterling Brown","/players/sterling/brown/1628425","Milwaukee Bucks"
"612","Jaylen Morris","/players/jaylen/morris/1628537","Milwaukee Bucks"
"613","Donte DiVincenzo","/players/donte/divincenzo/1628978","Milwaukee Bucks"
"614","Trevon Duval","/players/trevon/duval/1628979","Milwaukee Bucks"
"615","Brook Lopez","/players/brook/lopez/201572","Milwaukee Bucks"
"616","Eric Bledsoe","/players/eric/bledsoe/202339","Milwaukee Bucks"
"617","John Henson","/players/john/henson/203089","Milwaukee Bucks"
"618","Tyler Zeller","/players/tyler/zeller/203092","Milwaukee Bucks"
"619","Khris Middleton","/players/khris/middleton/203114","Milwaukee Bucks"
"620","Shabazz Muhammad","/players/shabazz/muhammad/203498","Milwaukee Bucks"
"621","Tony Snell","/players/tony/snell/203503","Milwaukee Bucks"
"622","Giannis Antetokounmpo","/players/giannis/antetokounmpo/203507","Milwaukee Bucks"
"623","Matthew Dellavedova","/players/matthew/dellavedova/203521","Milwaukee Bucks"
"624","Tim Frazier","/players/tim/frazier/204025","Milwaukee Bucks"
"625","Keita Bates-Diop","/players/keita/bates-diop/1628966","Minnesota Timberwolves"
"626","Jimmy Butler","/players/jimmy/butler/202710","Minnesota Timberwolves"
"627","Luol Deng","/players/luol/deng/2736","Minnesota Timberwolves"
"628","Gorgui Dieng","/players/gorgui/dieng/203476","Minnesota Timberwolves"
"629","Taj Gibson","/players/taj/gibson/201959","Minnesota Timberwolves"
"630","Darius Johnson-Odom","/players/darius/johnson-odom/203130","Minnesota Timberwolves"
"631","Tyus Jones","/players/tyus/jones/1626145","Minnesota Timberwolves"
"632","James Nunnally","/players/james/nunnally/203263","Minnesota Timberwolves"
"633","Josh Okogie","/players/josh/okogie/1629006","Minnesota Timberwolves"
"634","Justin Patton","/players/justin/patton/1628383","Minnesota Timberwolves"
"635","Derrick Rose","/players/derrick/rose/201565","Minnesota Timberwolves"
"636","Jonathan Stark","/players/jonathan/stark/1629236","Minnesota Timberwolves"
"637","Jeff Teague","/players/jeff/teague/201952","Minnesota Timberwolves"
"638","Jared Terrell","/players/jared/terrell/1629123","Minnesota Timberwolves"
"639","Anthony Tolliver","/players/anthony/tolliver/201229","Minnesota Timberwolves"
"640","Karl-Anthony Towns","/players/karl-anthony/towns/1626157","Minnesota Timberwolves"
"641","Andrew Wiggins","/players/andrew/wiggins/203952","Minnesota Timberwolves"
"642","C.J. Williams","/players/c.j./williams/203710","Minnesota Timberwolves"
"643","Tyus Jones","/players/tyus/jones/1626145","Minnesota Timberwolves"
"644","Karl-Anthony Towns","/players/karl-anthony/towns/1626157","Minnesota Timberwolves"
"645","Justin Patton","/players/justin/patton/1628383","Minnesota Timberwolves"
"646","Keita Bates-Diop","/players/keita/bates-diop/1628966","Minnesota Timberwolves"
"647","Josh Okogie","/players/josh/okogie/1629006","Minnesota Timberwolves"
"648","Jared Terrell","/players/jared/terrell/1629123","Minnesota Timberwolves"
"649","Jonathan Stark","/players/jonathan/stark/1629236","Minnesota Timberwolves"
"650","Anthony Tolliver","/players/anthony/tolliver/201229","Minnesota Timberwolves"
"651","Derrick Rose","/players/derrick/rose/201565","Minnesota Timberwolves"
"652","Jeff Teague","/players/jeff/teague/201952","Minnesota Timberwolves"
"653","Taj Gibson","/players/taj/gibson/201959","Minnesota Timberwolves"
"654","Jimmy Butler","/players/jimmy/butler/202710","Minnesota Timberwolves"
"655","Darius Johnson-Odom","/players/darius/johnson-odom/203130","Minnesota Timberwolves"
"656","James Nunnally","/players/james/nunnally/203263","Minnesota Timberwolves"
"657","Gorgui Dieng","/players/gorgui/dieng/203476","Minnesota Timberwolves"
"658","C.J. Williams","/players/c.j./williams/203710","Minnesota Timberwolves"
"659","Andrew Wiggins","/players/andrew/wiggins/203952","Minnesota Timberwolves"
"660","Luol Deng","/players/luol/deng/2736","Minnesota Timberwolves"
"661","Alexis Ajinca","/players/alexis/ajinca/201582","New Orleans Pelicans"
"662","Trevon Bluiett","/players/trevon/bluiett/1629129","New Orleans Pelicans"
"663","Ian Clark","/players/ian/clark/203546","New Orleans Pelicans"
"664","Anthony Davis","/players/anthony/davis/203076","New Orleans Pelicans"
"665","Cheick Diallo","/players/cheick/diallo/1627767","New Orleans Pelicans"
"666","Garlon Green","/players/garlon/green/203629","New Orleans Pelicans"
"667","Solomon Hill","/players/solomon/hill/203524","New Orleans Pelicans"
"668","Jrue Holiday","/players/jrue/holiday/201950","New Orleans Pelicans"
"669","Jarrett Jack","/players/jarrett/jack/101127","New Orleans Pelicans"
"670","Frank Jackson","/players/frank/jackson/1628402","New Orleans Pelicans"
"671","Brandon McCoy","/players/brandon/mccoy/1629000","New Orleans Pelicans"
"672","Darius Miller","/players/darius/miller/203121","New Orleans Pelicans"
"673","Nikola Mirotic","/players/nikola/mirotic/202703","New Orleans Pelicans"
"674","E'Twaun Moore","/players/e'twaun/moore/202734","New Orleans Pelicans"
"675","Darius Morris","/players/darius/morris/202721","New Orleans Pelicans"
"676","Jahlil Okafor","/players/jahlil/okafor/1626143","New Orleans Pelicans"
"677","Elfrid Payton","/players/elfrid/payton/203901","New Orleans Pelicans"
"678","Julius Randle","/players/julius/randle/203944","New Orleans Pelicans"
"679","Kenrich Williams","/players/kenrich/williams/1629026","New Orleans Pelicans"
"680","Troy Williams","/players/troy/williams/1627786","New Orleans Pelicans"
"681","Jarrett Jack","/players/jarrett/jack/101127","New Orleans Pelicans"
"682","Jahlil Okafor","/players/jahlil/okafor/1626143","New Orleans Pelicans"
"683","Troy Williams","/players/troy/williams/1627786","New Orleans Pelicans"
"684","Brandon McCoy","/players/brandon/mccoy/1629000","New Orleans Pelicans"
"685","Kenrich Williams","/players/kenrich/williams/1629026","New Orleans Pelicans"
"686","Trevon Bluiett","/players/trevon/bluiett/1629129","New Orleans Pelicans"
"687","Nikola Mirotic","/players/nikola/mirotic/202703","New Orleans Pelicans"
"688","Darius Morris","/players/darius/morris/202721","New Orleans Pelicans"
"689","Garlon Green","/players/garlon/green/203629","New Orleans Pelicans"
"690","Elfrid Payton","/players/elfrid/payton/203901","New Orleans Pelicans"
"691","Julius Randle","/players/julius/randle/203944","New Orleans Pelicans"
"692","Kadeem Allen","/players/kadeem/allen/1628443","New York Knicks"
"693","Ron Baker","/players/ron/baker/1627758","New York Knicks"
"694","Trey Burke","/players/trey/burke/203504","New York Knicks"
"695","Damyean Dotson","/players/damyean/dotson/1628422","New York Knicks"
"696","Tim Hardaway Jr.","/players/tim/hardaway_jr./203501","New York Knicks"
"697","Mario Hezonja","/players/mario/hezonja/1626209","New York Knicks"
"698","Isaiah Hicks","/players/isaiah/hicks/1628439","New York Knicks"
"699","Enes Kanter","/players/enes/kanter/202683","New York Knicks"
"700","Kevin Knox","/players/kevin/knox/1628995","New York Knicks"
"701","Luke Kornet","/players/luke/kornet/1628436","New York Knicks"
"702","Courtney Lee","/players/courtney/lee/201584","New York Knicks"
"703","Emmanuel Mudiay","/players/emmanuel/mudiay/1626144","New York Knicks"
"704","Joakim Noah","/players/joakim/noah/201149","New York Knicks"
"705","Frank Ntilikina","/players/frank/ntilikina/1628373","New York Knicks"
"706","Kristaps Porzingis","/players/kristaps/porzingis/204001","New York Knicks"
"707","Mitchell Robinson","/players/mitchell/robinson/1629011","New York Knicks"
"708","Lance Thomas","/players/lance/thomas/202498","New York Knicks"
"709","Allonzo Trier","/players/allonzo/trier/1629019","New York Knicks"
"710","Noah Vonleh","/players/noah/vonleh/203943","New York Knicks"
"711","Emmanuel Mudiay","/players/emmanuel/mudiay/1626144","New York Knicks"
"712","Mario Hezonja","/players/mario/hezonja/1626209","New York Knicks"
"713","Ron Baker","/players/ron/baker/1627758","New York Knicks"
"714","Frank Ntilikina","/players/frank/ntilikina/1628373","New York Knicks"
"715","Damyean Dotson","/players/damyean/dotson/1628422","New York Knicks"
"716","Luke Kornet","/players/luke/kornet/1628436","New York Knicks"
"717","Isaiah Hicks","/players/isaiah/hicks/1628439","New York Knicks"
"718","Kadeem Allen","/players/kadeem/allen/1628443","New York Knicks"
"719","Kevin Knox","/players/kevin/knox/1628995","New York Knicks"
"720","Mitchell Robinson","/players/mitchell/robinson/1629011","New York Knicks"
"721","Allonzo Trier","/players/allonzo/trier/1629019","New York Knicks"
"722","Joakim Noah","/players/joakim/noah/201149","New York Knicks"
"723","Courtney Lee","/players/courtney/lee/201584","New York Knicks"
"724","Lance Thomas","/players/lance/thomas/202498","New York Knicks"
"725","Enes Kanter","/players/enes/kanter/202683","New York Knicks"
"726","Tim Hardaway Jr.","/players/tim/hardaway_jr./203501","New York Knicks"
"727","Trey Burke","/players/trey/burke/203504","New York Knicks"
"728","Noah Vonleh","/players/noah/vonleh/203943","New York Knicks"
"729","Kristaps Porzingis","/players/kristaps/porzingis/204001","New York Knicks"
"730","Alex Abrines","/players/alex/abrines/203518","Oklahoma City Thunder"
"731","Steven Adams","/players/steven/adams/203500","Oklahoma City Thunder"
"732","Bryce Alford","/players/bryce/alford/1628576","Oklahoma City Thunder"
"733","Deonte Burton","/players/deonte/burton/1629126","Oklahoma City Thunder"
"734","Tyler Davis","/players/tyler/davis/1629093","Oklahoma City Thunder"
"735","Hamidou Diallo","/players/hamidou/diallo/1628977","Oklahoma City Thunder"
"736","Raymond Felton","/players/raymond/felton/101109","Oklahoma City Thunder"
"737","Terrance Ferguson","/players/terrance/ferguson/1628390","Oklahoma City Thunder"
"738","Abdul Gaddy","/players/abdul/gaddy/203583","Oklahoma City Thunder"
"739","Paul George","/players/paul/george/202331","Oklahoma City Thunder"
"740","Jerami Grant","/players/jerami/grant/203924","Oklahoma City Thunder"
"741","Timothe Luwawu-Cabarrot","/players/timothe/luwawu-cabarrot/1627789","Oklahoma City Thunder"
"742","KJ McDaniels","/players/kj/mcdaniels/203909","Oklahoma City Thunder"
"743","Abdel Nader","/players/abdel/nader/1627846","Oklahoma City Thunder"
"744","Nerlens Noel","/players/nerlens/noel/203457","Oklahoma City Thunder"
"745","Patrick Patterson","/players/patrick/patterson/202335","Oklahoma City Thunder"
"746","Andre Roberson","/players/andre/roberson/203460","Oklahoma City Thunder"
"747","Dennis Schroder","/players/dennis/schroder/203471","Oklahoma City Thunder"
"748","Richard Solomon","/players/richard/solomon/204076","Oklahoma City Thunder"
"749","Russell Westbrook","/players/russell/westbrook/201566","Oklahoma City Thunder"
"750","Raymond Felton","/players/raymond/felton/101109","Oklahoma City Thunder"
"751","Timothe Luwawu-Cabarrot","/players/timothe/luwawu-cabarrot/1627789","Oklahoma City Thunder"
"752","Abdel Nader","/players/abdel/nader/1627846","Oklahoma City Thunder"
"753","Terrance Ferguson","/players/terrance/ferguson/1628390","Oklahoma City Thunder"
"754","Bryce Alford","/players/bryce/alford/1628576","Oklahoma City Thunder"
"755","Hamidou Diallo","/players/hamidou/diallo/1628977","Oklahoma City Thunder"
"756","Tyler Davis","/players/tyler/davis/1629093","Oklahoma City Thunder"
"757","Deonte Burton","/players/deonte/burton/1629126","Oklahoma City Thunder"
"758","Russell Westbrook","/players/russell/westbrook/201566","Oklahoma City Thunder"
"759","Paul George","/players/paul/george/202331","Oklahoma City Thunder"
"760","Patrick Patterson","/players/patrick/patterson/202335","Oklahoma City Thunder"
"761","Nerlens Noel","/players/nerlens/noel/203457","Oklahoma City Thunder"
"762","Andre Roberson","/players/andre/roberson/203460","Oklahoma City Thunder"
"763","Dennis Schroder","/players/dennis/schroder/203471","Oklahoma City Thunder"
"764","Steven Adams","/players/steven/adams/203500","Oklahoma City Thunder"
"765","Alex Abrines","/players/alex/abrines/203518","Oklahoma City Thunder"
"766","Abdul Gaddy","/players/abdul/gaddy/203583","Oklahoma City Thunder"
"767","KJ McDaniels","/players/kj/mcdaniels/203909","Oklahoma City Thunder"
"768","Jerami Grant","/players/jerami/grant/203924","Oklahoma City Thunder"
"769","Richard Solomon","/players/richard/solomon/204076","Oklahoma City Thunder"
"770","Braian Angola-Rodas","/players/braian/angola-rodas/1629132","Orlando Magic"
"771","D.J. Augustin","/players/d.j./augustin/201571","Orlando Magic"
"772","Mohamed Bamba","/players/mohamed/bamba/1628964","Orlando Magic"
"773","Khem Birch","/players/khem/birch/203920","Orlando Magic"
"774","Isaiah Briscoe","/players/isaiah/briscoe/1628515","Orlando Magic"
"775","Troy Caupain","/players/troy/caupain/1628505","Orlando Magic"
"776","Devin Davis","/players/devin/davis/1629195","Orlando Magic"
"777","Evan Fournier","/players/evan/fournier/203095","Orlando Magic"
"778","Melvin Frazier Jr.","/players/melvin/frazier_jr./1628982","Orlando Magic"
"779","Aaron Gordon","/players/aaron/gordon/203932","Orlando Magic"
"780","Jerian Grant","/players/jerian/grant/1626170","Orlando Magic"
"781","Jonathan Isaac","/players/jonathan/isaac/1628371","Orlando Magic"
"782","Wes Iwundu","/players/wes/iwundu/1628411","Orlando Magic"
"783","Amile Jefferson","/players/amile/jefferson/1628518","Orlando Magic"
"784","Jarell Martin","/players/jarell/martin/1626185","Orlando Magic"
"785","Timofey Mozgov","/players/timofey/mozgov/202389","Orlando Magic"
"786","Terrence Ross","/players/terrence/ross/203082","Orlando Magic"
"787","Jonathon Simmons","/players/jonathon/simmons/203613","Orlando Magic"
"788","Nikola Vucevic","/players/nikola/vucevic/202696","Orlando Magic"
"789","Jerian Grant","/players/jerian/grant/1626170","Orlando Magic"
"790","Jarell Martin","/players/jarell/martin/1626185","Orlando Magic"
"791","Jonathan Isaac","/players/jonathan/isaac/1628371","Orlando Magic"
"792","Wes Iwundu","/players/wes/iwundu/1628411","Orlando Magic"
"793","Troy Caupain","/players/troy/caupain/1628505","Orlando Magic"
"794","Isaiah Briscoe","/players/isaiah/briscoe/1628515","Orlando Magic"
"795","Amile Jefferson","/players/amile/jefferson/1628518","Orlando Magic"
"796","Mohamed Bamba","/players/mohamed/bamba/1628964","Orlando Magic"
"797","Melvin Frazier Jr.","/players/melvin/frazier_jr./1628982","Orlando Magic"
"798","Braian Angola","/players/braian/angola/1629132","Orlando Magic"
"799","Devin Davis","/players/devin/davis/1629195","Orlando Magic"
"800","D.J. Augustin","/players/d.j./augustin/201571","Orlando Magic"
"801","Timofey Mozgov","/players/timofey/mozgov/202389","Orlando Magic"
"802","Nikola Vucevic","/players/nikola/vucevic/202696","Orlando Magic"
"803","Terrence Ross","/players/terrence/ross/203082","Orlando Magic"
"804","Evan Fournier","/players/evan/fournier/203095","Orlando Magic"
"805","Jonathon Simmons","/players/jonathon/simmons/203613","Orlando Magic"
"806","Khem Birch","/players/khem/birch/203920","Orlando Magic"
"807","Aaron Gordon","/players/aaron/gordon/203932","Orlando Magic"
"808","Jerryd Bayless","/players/jerryd/bayless/201573","Philadelphia 76ers"
"809","Jonah Bolden","/players/jonah/bolden/1628413","Philadelphia 76ers"
"810","Anthony Brown","/players/anthony/brown/1626148","Philadelphia 76ers"
"811","Wilson Chandler","/players/wilson/chandler/201163","Philadelphia 76ers"
"812","Robert Covington","/players/robert/covington/203496","Philadelphia 76ers"
"813","Joel Embiid","/players/joel/embiid/203954","Philadelphia 76ers"
"814","Markelle Fultz","/players/markelle/fultz/1628365","Philadelphia 76ers"
"815","Demetrius Jackson","/players/demetrius/jackson/1627743","Philadelphia 76ers"
"816","Amir Johnson","/players/amir/johnson/101161","Philadelphia 76ers"
"817","Furkan Korkmaz","/players/furkan/korkmaz/1627788","Philadelphia 76ers"
"818","T.J. McConnell","/players/t.j./mcconnell/204456","Philadelphia 76ers"
"819","Shake Milton","/players/shake/milton/1629003","Philadelphia 76ers"
"820","Mike Muscala","/players/mike/muscala/203488","Philadelphia 76ers"
"821","Emeka Okafor","/players/emeka/okafor/2731","Philadelphia 76ers"
"822","Norvel Pelle","/players/norvel/pelle/203658","Philadelphia 76ers"
"823","JJ Redick","/players/jj/redick/200755","Philadelphia 76ers"
"824","Dario Saric","/players/dario/saric/203967","Philadelphia 76ers"
"825","Landry Shamet","/players/landry/shamet/1629013","Philadelphia 76ers"
"826","Ben Simmons","/players/ben/simmons/1627732","Philadelphia 76ers"
"827","Zhaire Smith","/players/zhaire/smith/1629015","Philadelphia 76ers"
"828","Amir Johnson","/players/amir/johnson/101161","Philadelphia 76ers"
"829","Anthony Brown","/players/anthony/brown/1626148","Philadelphia 76ers"
"830","Ben Simmons","/players/ben/simmons/1627732","Philadelphia 76ers"
"831","Demetrius Jackson","/players/demetrius/jackson/1627743","Philadelphia 76ers"
"832","Furkan Korkmaz","/players/furkan/korkmaz/1627788","Philadelphia 76ers"
"833","Markelle Fultz","/players/markelle/fultz/1628365","Philadelphia 76ers"
"834","Jonah Bolden","/players/jonah/bolden/1628413","Philadelphia 76ers"
"835","Shake Milton","/players/shake/milton/1629003","Philadelphia 76ers"
"836","Landry Shamet","/players/landry/shamet/1629013","Philadelphia 76ers"
"837","Zhaire Smith","/players/zhaire/smith/1629015","Philadelphia 76ers"
"838","JJ Redick","/players/jj/redick/200755","Philadelphia 76ers"
"839","Wilson Chandler","/players/wilson/chandler/201163","Philadelphia 76ers"
"840","Jerryd Bayless","/players/jerryd/bayless/201573","Philadelphia 76ers"
"841","Mike Muscala","/players/mike/muscala/203488","Philadelphia 76ers"
"842","Robert Covington","/players/robert/covington/203496","Philadelphia 76ers"
"843","Norvel Pelle","/players/norvel/pelle/203658","Philadelphia 76ers"
"844","Joel Embiid","/players/joel/embiid/203954","Philadelphia 76ers"
"845","Dario Saric","/players/dario/saric/203967","Philadelphia 76ers"
"846","T.J. McConnell","/players/t.j./mcconnell/204456","Philadelphia 76ers"
"847","Emeka Okafor","/players/emeka/okafor/2731","Philadelphia 76ers"
"848","Ryan Anderson","/players/ryan/anderson/201583","Phoenix Suns"
"849","Trevor Ariza","/players/trevor/ariza/2772","Phoenix Suns"
"850","Darrell Arthur","/players/darrell/arthur/201589","Phoenix Suns"
"851","Deandre Ayton","/players/deandre/ayton/1629028","Phoenix Suns"
"852","Dragan Bender","/players/dragan/bender/1627733","Phoenix Suns"
"853","Devin Booker","/players/devin/booker/1626164","Phoenix Suns"
"854","Mikal Bridges","/players/mikal/bridges/1628969","Phoenix Suns"
"855","Isaiah Canaan","/players/isaiah/canaan/203477","Phoenix Suns"
"856","Tyson Chandler","/players/tyson/chandler/2199","Phoenix Suns"
"857","Troy Daniels","/players/troy/daniels/203584","Phoenix Suns"
"858","Shaquille Harrison","/players/shaquille/harrison/1627885","Phoenix Suns"
"859","Richaun Holmes","/players/richaun/holmes/1626158","Phoenix Suns"
"860","Josh Jackson","/players/josh/jackson/1628367","Phoenix Suns"
"861","George King","/players/george/king/1628994","Phoenix Suns"
"862","De'Anthony Melton","/players/de'anthony/melton/1629001","Phoenix Suns"
"863","Elie Okobo","/players/elie/okobo/1629059","Phoenix Suns"
"864","Davon Reed","/players/davon/reed/1628432","Phoenix Suns"
"865","TJ Warren","/players/tj/warren/203933","Phoenix Suns"
"866","Richaun Holmes","/players/richaun/holmes/1626158","Phoenix Suns"
"867","Devin Booker","/players/devin/booker/1626164","Phoenix Suns"
"868","Dragan Bender","/players/dragan/bender/1627733","Phoenix Suns"
"869","Shaquille Harrison","/players/shaquille/harrison/1627885","Phoenix Suns"
"870","Josh Jackson","/players/josh/jackson/1628367","Phoenix Suns"
"871","Davon Reed","/players/davon/reed/1628432","Phoenix Suns"
"872","Mikal Bridges","/players/mikal/bridges/1628969","Phoenix Suns"
"873","George King","/players/george/king/1628994","Phoenix Suns"
"874","De'Anthony Melton","/players/de'anthony/melton/1629001","Phoenix Suns"
"875","Deandre Ayton","/players/deandre/ayton/1629028","Phoenix Suns"
"876","Elie Okobo","/players/elie/okobo/1629059","Phoenix Suns"
"877","Ryan Anderson","/players/ryan/anderson/201583","Phoenix Suns"
"878","Darrell Arthur","/players/darrell/arthur/201589","Phoenix Suns"
"879","Isaiah Canaan","/players/isaiah/canaan/203477","Phoenix Suns"
"880","Troy Daniels","/players/troy/daniels/203584","Phoenix Suns"
"881","TJ Warren","/players/tj/warren/203933","Phoenix Suns"
"882","Tyson Chandler","/players/tyson/chandler/2199","Phoenix Suns"
"883","Trevor Ariza","/players/trevor/ariza/2772","Phoenix Suns"
"884","Al-Farouq Aminu","/players/al-farouq/aminu/202329","Portland Trail Blazers"
"885","Wade Baldwin IV","/players/wade/baldwin_iv/1627735","Portland Trail Blazers"
"886","Zach Collins","/players/zach/collins/1628380","Portland Trail Blazers"
"887","Seth Curry","/players/seth/curry/203552","Portland Trail Blazers"
"888","Maurice Harkless","/players/maurice/harkless/203090","Portland Trail Blazers"
"889","Jake Layman","/players/jake/layman/1627774","Portland Trail Blazers"
"890","Meyers Leonard","/players/meyers/leonard/203086","Portland Trail Blazers"
"891","Damian Lillard","/players/damian/lillard/203081","Portland Trail Blazers"
"892","CJ McCollum","/players/cj/mccollum/203468","Portland Trail Blazers"
"893","Jusuf Nurkic","/players/jusuf/nurkic/203994","Portland Trail Blazers"
"894","Cameron Oliver","/players/cameron/oliver/1628419","Portland Trail Blazers"
"895","Chinanu Onuaku","/players/chinanu/onuaku/1627778","Portland Trail Blazers"
"896","Gary Payton II","/players/gary/payton_ii/1627780","Portland Trail Blazers"
"897","Anfernee Simons","/players/anfernee/simons/1629014","Portland Trail Blazers"
"898","Nik Stauskas","/players/nik/stauskas/203917","Portland Trail Blazers"
"899","Caleb Swanigan","/players/caleb/swanigan/1628403","Portland Trail Blazers"
"900","Gary Trent Jr.","/players/gary/trent_jr./1629107","Portland Trail Blazers"
"901","Evan Turner","/players/evan/turner/202323","Portland Trail Blazers"
"902","Wade Baldwin IV","/players/wade/baldwin_iv/1627735","Portland Trail Blazers"
"903","Jake Layman","/players/jake/layman/1627774","Portland Trail Blazers"
"904","Chinanu Onuaku","/players/chinanu/onuaku/1627778","Portland Trail Blazers"
"905","Gary Payton II","/players/gary/payton_ii/1627780","Portland Trail Blazers"
"906","Zach Collins","/players/zach/collins/1628380","Portland Trail Blazers"
"907","Caleb Swanigan","/players/caleb/swanigan/1628403","Portland Trail Blazers"
"908","Cameron Oliver","/players/cameron/oliver/1628419","Portland Trail Blazers"
"909","Anfernee Simons","/players/anfernee/simons/1629014","Portland Trail Blazers"
"910","Evan Turner","/players/evan/turner/202323","Portland Trail Blazers"
"911","Al-Farouq Aminu","/players/al-farouq/aminu/202329","Portland Trail Blazers"
"912","Damian Lillard","/players/damian/lillard/203081","Portland Trail Blazers"
"913","Meyers Leonard","/players/meyers/leonard/203086","Portland Trail Blazers"
"914","Maurice Harkless","/players/maurice/harkless/203090","Portland Trail Blazers"
"915","CJ McCollum","/players/cj/mccollum/203468","Portland Trail Blazers"
"916","Seth Curry","/players/seth/curry/203552","Portland Trail Blazers"
"917","Nik Stauskas","/players/nik/stauskas/203917","Portland Trail Blazers"
"918","Jusuf Nurkic","/players/jusuf/nurkic/203994","Portland Trail Blazers"
"919","Brandon Austin","/players/brandon/austin/1627649","Sacramento Kings"
"920","Marvin Bagley III","/players/marvin/bagley_iii/1628963","Sacramento Kings"
"921","Nemanja Bjelica","/players/nemanja/bjelica/202357","Sacramento Kings"
"922","Bogdan Bogdanovic","/players/bogdan/bogdanovic/203992","Sacramento Kings"
"923","Willie Cauley-Stein","/players/willie/cauley-stein/1626161","Sacramento Kings"
"924","Yogi Ferrell","/players/yogi/ferrell/1627812","Sacramento Kings"
"925","De'Aaron Fox","/players/de'aaron/fox/1628368","Sacramento Kings"
"926","Wenyen Gabriel","/players/wenyen/gabriel/1629117","Sacramento Kings"
"927","Harry Giles III","/players/harry/giles_iii/1628385","Sacramento Kings"
"928","Buddy Hield","/players/buddy/hield/1627741","Sacramento Kings"
"929","Justin Jackson","/players/justin/jackson/1628382","Sacramento Kings"
"930","Kosta Koufos","/players/kosta/koufos/201585","Sacramento Kings"
"931","Skal Labissiere","/players/skal/labissiere/1627746","Sacramento Kings"
"932","Kalin Lucas","/players/kalin/lucas/203564","Sacramento Kings"
"933","Frank Mason","/players/frank/mason/1628412","Sacramento Kings"
"934","Ben McLemore","/players/ben/mclemore/203463","Sacramento Kings"
"935","Zach Randolph","/players/zach/randolph/2216","Sacramento Kings"
"936","Cameron Reynolds","/players/cameron/reynolds/1629244","Sacramento Kings"
"937","Iman Shumpert","/players/iman/shumpert/202697","Sacramento Kings"
"938","Willie Cauley-Stein","/players/willie/cauley-stein/1626161","Sacramento Kings"
"939","Brandon Austin","/players/brandon/austin/1627649","Sacramento Kings"
"940","Buddy Hield","/players/buddy/hield/1627741","Sacramento Kings"
"941","Skal Labissiere","/players/skal/labissiere/1627746","Sacramento Kings"
"942","Yogi Ferrell","/players/yogi/ferrell/1627812","Sacramento Kings"
"943","De'Aaron Fox","/players/de'aaron/fox/1628368","Sacramento Kings"
"944","Justin Jackson","/players/justin/jackson/1628382","Sacramento Kings"
"945","Harry Giles III","/players/harry/giles_iii/1628385","Sacramento Kings"
"946","Frank Mason","/players/frank/mason/1628412","Sacramento Kings"
"947","Marvin Bagley III","/players/marvin/bagley_iii/1628963","Sacramento Kings"
"948","Wenyen Gabriel","/players/wenyen/gabriel/1629117","Sacramento Kings"
"949","Cameron Reynolds","/players/cameron/reynolds/1629244","Sacramento Kings"
"950","Kosta Koufos","/players/kosta/koufos/201585","Sacramento Kings"
"951","Nemanja Bjelica","/players/nemanja/bjelica/202357","Sacramento Kings"
"952","Iman Shumpert","/players/iman/shumpert/202697","Sacramento Kings"
"953","Ben McLemore","/players/ben/mclemore/203463","Sacramento Kings"
"954","Kalin Lucas","/players/kalin/lucas/203564","Sacramento Kings"
"955","Bogdan Bogdanovic","/players/bogdan/bogdanovic/203992","Sacramento Kings"
"956","Zach Randolph","/players/zach/randolph/2216","Sacramento Kings"
"957","LaMarcus Aldridge","/players/lamarcus/aldridge/200746","San Antonio Spurs"
"958","Marco Belinelli","/players/marco/belinelli/201158","San Antonio Spurs"
"959","Davis Bertans","/players/davis/bertans/202722","San Antonio Spurs"
"960","Jaron Blossomgame","/players/jaron/blossomgame/1628417","San Antonio Spurs"
"961","Dante Cunningham","/players/dante/cunningham/201967","San Antonio Spurs"
"962","DeMar DeRozan","/players/demar/derozan/201942","San Antonio Spurs"
"963","Drew Eubanks","/players/drew/eubanks/1629234","San Antonio Spurs"
"964","Bryn Forbes","/players/bryn/forbes/1627854","San Antonio Spurs"
"965","Pau Gasol","/players/pau/gasol/2200","San Antonio Spurs"
"966","Rudy Gay","/players/rudy/gay/200752","San Antonio Spurs"
"967","Nick Johnson","/players/nick/johnson/203910","San Antonio Spurs"
"968","Chimezie Metu","/players/chimezie/metu/1629002","San Antonio Spurs"
"969","Patty Mills","/players/patty/mills/201988","San Antonio Spurs"
"970","Dejounte Murray","/players/dejounte/murray/1627749","San Antonio Spurs"
"971","Jakob Poeltl","/players/jakob/poeltl/1627751","San Antonio Spurs"
"972","Quincy Pondexter","/players/quincy/pondexter/202347","San Antonio Spurs"
"973","Lonnie Walker IV","/players/lonnie/walker_iv/1629022","San Antonio Spurs"
"974","Derrick White","/players/derrick/white/1628401","San Antonio Spurs"
"975","Okaro White","/players/okaro/white/1627855","San Antonio Spurs"
"976","Dejounte Murray","/players/dejounte/murray/1627749","San Antonio Spurs"
"977","Jakob Poeltl","/players/jakob/poeltl/1627751","San Antonio Spurs"
"978","Bryn Forbes","/players/bryn/forbes/1627854","San Antonio Spurs"
"979","Okaro White","/players/okaro/white/1627855","San Antonio Spurs"
"980","Derrick White","/players/derrick/white/1628401","San Antonio Spurs"
"981","Jaron Blossomgame","/players/jaron/blossomgame/1628417","San Antonio Spurs"
"982","Chimezie Metu","/players/chimezie/metu/1629002","San Antonio Spurs"
"983","Lonnie Walker IV","/players/lonnie/walker_iv/1629022","San Antonio Spurs"
"984","Drew Eubanks","/players/drew/eubanks/1629234","San Antonio Spurs"
"985","LaMarcus Aldridge","/players/lamarcus/aldridge/200746","San Antonio Spurs"
"986","Rudy Gay","/players/rudy/gay/200752","San Antonio Spurs"
"987","Marco Belinelli","/players/marco/belinelli/201158","San Antonio Spurs"
"988","DeMar DeRozan","/players/demar/derozan/201942","San Antonio Spurs"
"989","Patty Mills","/players/patty/mills/201988","San Antonio Spurs"
"990","Quincy Pondexter","/players/quincy/pondexter/202347","San Antonio Spurs"
"991","Davis Bertans","/players/davis/bertans/202722","San Antonio Spurs"
"992","Nick Johnson","/players/nick/johnson/203910","San Antonio Spurs"
"993","Pau Gasol","/players/pau/gasol/2200","San Antonio Spurs"
"994","Deng Adel","/players/deng/adel/1629061","Toronto Raptors"
"995","OG Anunoby","/players/og/anunoby/1628384","Toronto Raptors"
"996","Chris Boucher","/players/chris/boucher/1628449","Toronto Raptors"
"997","Lorenzo Brown","/players/lorenzo/brown/203485","Toronto Raptors"
"998","Kyle Collinsworth","/players/kyle/collinsworth/1627858","Toronto Raptors"
"999","Kay Felder","/players/kay/felder/1627770","Toronto Raptors"
"1000","Danny Green","/players/danny/green/201980","Toronto Raptors"
"1001","Serge Ibaka","/players/serge/ibaka/201586","Toronto Raptors"
"1002","Kawhi Leonard","/players/kawhi/leonard/202695","Toronto Raptors"
"1003","Kyle Lowry","/players/kyle/lowry/200768","Toronto Raptors"
"1004","Jordan Loyd","/players/jordan/loyd/1628070","Toronto Raptors"
"1005","CJ Miles","/players/cj/miles/101139","Toronto Raptors"
"1006","Greg Monroe","/players/greg/monroe/202328","Toronto Raptors"
"1007","Eric Moreland","/players/eric/moreland/203961","Toronto Raptors"
"1008","Norman Powell","/players/norman/powell/1626181","Toronto Raptors"
"1009","Malachi Richardson","/players/malachi/richardson/1627781","Toronto Raptors"
"1010","Pascal Siakam","/players/pascal/siakam/1627783","Toronto Raptors"
"1011","Jonas Valanciunas","/players/jonas/valanciunas/202685","Toronto Raptors"
"1012","Fred VanVleet","/players/fred/vanvleet/1627832","Toronto Raptors"
"1013","Delon Wright","/players/delon/wright/1626153","Toronto Raptors"
"1014","CJ Miles","/players/cj/miles/101139","Toronto Raptors"
"1015","Delon Wright","/players/delon/wright/1626153","Toronto Raptors"
"1016","Norman Powell","/players/norman/powell/1626181","Toronto Raptors"
"1017","Kay Felder","/players/kay/felder/1627770","Toronto Raptors"
"1018","Malachi Richardson","/players/malachi/richardson/1627781","Toronto Raptors"
"1019","Pascal Siakam","/players/pascal/siakam/1627783","Toronto Raptors"
"1020","Fred VanVleet","/players/fred/vanvleet/1627832","Toronto Raptors"
"1021","Kyle Collinsworth","/players/kyle/collinsworth/1627858","Toronto Raptors"
"1022","Jordan Loyd","/players/jordan/loyd/1628070","Toronto Raptors"
"1023","OG Anunoby","/players/og/anunoby/1628384","Toronto Raptors"
"1024","Chris Boucher","/players/chris/boucher/1628449","Toronto Raptors"
"1025","Deng Adel","/players/deng/adel/1629061","Toronto Raptors"
"1026","Kyle Lowry","/players/kyle/lowry/200768","Toronto Raptors"
"1027","Serge Ibaka","/players/serge/ibaka/201586","Toronto Raptors"
"1028","Danny Green","/players/danny/green/201980","Toronto Raptors"
"1029","Greg Monroe","/players/greg/monroe/202328","Toronto Raptors"
"1030","Jonas Valanciunas","/players/jonas/valanciunas/202685","Toronto Raptors"
"1031","Kawhi Leonard","/players/kawhi/leonard/202695","Toronto Raptors"
"1032","Lorenzo Brown","/players/lorenzo/brown/203485","Toronto Raptors"
"1033","Eric Moreland","/players/eric/moreland/203961","Toronto Raptors"
"1034","Grayson Allen","/players/grayson/allen/1628960","Utah Jazz"
"1035","Tony Bradley","/players/tony/bradley/1628396","Utah Jazz"
"1036","Alec Burks","/players/alec/burks/202692","Utah Jazz"
"1037","Tyler Cavanaugh","/players/tyler/cavanaugh/1628463","Utah Jazz"
"1038","Isaiah Cousins","/players/isaiah/cousins/1627766","Utah Jazz"
"1039","Jae Crowder","/players/jae/crowder/203109","Utah Jazz"
"1040","Dante Exum","/players/dante/exum/203957","Utah Jazz"
"1041","Derrick Favors","/players/derrick/favors/202324","Utah Jazz"
"1042","Rudy Gobert","/players/rudy/gobert/203497","Utah Jazz"
"1043","Isaac Haas","/players/isaac/haas/1629036","Utah Jazz"
"1044","Joe Ingles","/players/joe/ingles/204060","Utah Jazz"
"1045","Jairus Lyles","/players/jairus/lyles/1629131","Utah Jazz"
"1046","Donovan Mitchell","/players/donovan/mitchell/1628378","Utah Jazz"
"1047","Naz Mitrou-Long","/players/naz/mitrou-long/1628513","Utah Jazz"
"1048","Raul Neto","/players/raul/neto/203526","Utah Jazz"
"1049","Georges Niang","/players/georges/niang/1627777","Utah Jazz"
"1050","Royce O'Neale","/players/royce/o'neale/1626220","Utah Jazz"
"1051","Ricky Rubio","/players/ricky/rubio/201937","Utah Jazz"
"1052","Thabo Sefolosha","/players/thabo/sefolosha/200757","Utah Jazz"
"1053","Ekpe Udoh","/players/ekpe/udoh/202327","Utah Jazz"
"1054","Royce O'Neale","/players/royce/o'neale/1626220","Utah Jazz"
"1055","Isaiah Cousins","/players/isaiah/cousins/1627766","Utah Jazz"
"1056","Georges Niang","/players/georges/niang/1627777","Utah Jazz"
"1057","Donovan Mitchell","/players/donovan/mitchell/1628378","Utah Jazz"
"1058","Tony Bradley","/players/tony/bradley/1628396","Utah Jazz"
"1059","Tyler Cavanaugh","/players/tyler/cavanaugh/1628463","Utah Jazz"
"1060","Naz Mitrou-Long","/players/naz/mitrou-long/1628513","Utah Jazz"
"1061","Grayson Allen","/players/grayson/allen/1628960","Utah Jazz"
"1062","Isaac Haas","/players/isaac/haas/1629036","Utah Jazz"
"1063","Jairus Lyles","/players/jairus/lyles/1629131","Utah Jazz"
"1064","Thabo Sefolosha","/players/thabo/sefolosha/200757","Utah Jazz"
"1065","Ricky Rubio","/players/ricky/rubio/201937","Utah Jazz"
"1066","Derrick Favors","/players/derrick/favors/202324","Utah Jazz"
"1067","Ekpe Udoh","/players/ekpe/udoh/202327","Utah Jazz"
"1068","Alec Burks","/players/alec/burks/202692","Utah Jazz"
"1069","Jae Crowder","/players/jae/crowder/203109","Utah Jazz"
"1070","Rudy Gobert","/players/rudy/gobert/203497","Utah Jazz"
"1071","Raul Neto","/players/raul/neto/203526","Utah Jazz"
"1072","Dante Exum","/players/dante/exum/203957","Utah Jazz"
"1073","Joe Ingles","/players/joe/ingles/204060","Utah Jazz"
"1074","Lavoy Allen","/players/lavoy/allen/202730","Washington Wizards"
"1075","Bradley Beal","/players/bradley/beal/203078","Washington Wizards"
"1076","Troy Brown Jr.","/players/troy/brown_jr./1628972","Washington Wizards"
"1077","Thomas Bryant","/players/thomas/bryant/1628418","Washington Wizards"
"1078","Jeff Green","/players/jeff/green/201145","Washington Wizards"
"1079","Dwight Howard","/players/dwight/howard/2730","Washington Wizards"
"1080","Ian Mahinmi","/players/ian/mahinmi/101133","Washington Wizards"
"1081","Jordan McRae","/players/jordan/mcrae/203895","Washington Wizards"
"1082","Jodie Meeks","/players/jodie/meeks/201975","Washington Wizards"
"1083","Markieff Morris","/players/markieff/morris/202693","Washington Wizards"
"1084","Kelly Oubre Jr.","/players/kelly/oubre_jr./1626162","Washington Wizards"
"1085","Otto Porter Jr.","/players/otto/porter_jr./203490","Washington Wizards"
"1086","Chasson Randle","/players/chasson/randle/1626184","Washington Wizards"
"1087","Austin Rivers","/players/austin/rivers/203085","Washington Wizards"
"1088","Devin Robinson","/players/devin/robinson/1628421","Washington Wizards"
"1089","Tomas Satoransky","/players/tomas/satoransky/203107","Washington Wizards"
"1090","Jason Smith","/players/jason/smith/201160","Washington Wizards"
"1091","John Wall","/players/john/wall/202322","Washington Wizards"
"1092","Ian Mahinmi","/players/ian/mahinmi/101133","Washington Wizards"
"1093","Kelly Oubre Jr.","/players/kelly/oubre_jr./1626162","Washington Wizards"
"1094","Chasson Randle","/players/chasson/randle/1626184","Washington Wizards"
"1095","Thomas Bryant","/players/thomas/bryant/1628418","Washington Wizards"
"1096","Devin Robinson","/players/devin/robinson/1628421","Washington Wizards"
"1097","Troy Brown Jr.","/players/troy/brown_jr./1628972","Washington Wizards"
"1098","Jeff Green","/players/jeff/green/201145","Washington Wizards"
"1099","Jason Smith","/players/jason/smith/201160","Washington Wizards"
"1100","Jodie Meeks","/players/jodie/meeks/201975","Washington Wizards"
"1101","John Wall","/players/john/wall/202322","Washington Wizards"
"1102","Markieff Morris","/players/markieff/morris/202693","Washington Wizards"
"1103","Lavoy Allen","/players/lavoy/allen/202730","Washington Wizards"
"1104","Bradley Beal","/players/bradley/beal/203078","Washington Wizards"
"1105","Austin Rivers","/players/austin/rivers/203085","Washington Wizards"
"1106","Tomas Satoransky","/players/tomas/satoransky/203107","Washington Wizards"
"1107","Otto Porter Jr.","/players/otto/porter_jr./203490","Washington Wizards"
"1108","Jordan McRae","/players/jordan/mcrae/203895","Washington Wizards"
"1109","Dwight Howard","/players/dwight/howard/2730","Washington Wizards"
